{"type": "none", "categories": [{"name": "\u4eba\u7269", "keyword": {}, "base": "\u4eba\u7269\u8282\u70b9"}, {"name": "\u5bb6\u65cf", "keyword": {}, "base": "\u5bb6\u65cf\u8282\u70b9"}, {"name": "\u57ce\u5821", "keyword": {}, "base": "\u57ce\u5821\u8282\u70b9"}, {"name": "\u5c5e\u6027", "keyword": {}, "base": "\u5c5e\u6027\u8282\u70b9"}], "nodes": [{"name": "\u827e\u5229\u65af\u7279\u00b7\u8428\u5a01\u514b", "value": 1, "category": 0, "symbolSize": 12, "x": 2720, "y": 3855}, {"name": "\u62c9\u8d6b\u6d1b\u7684\u7ea2\u888d\u796d\u53f8", "value": 1, "category": 3, "symbolSize": 5, "x": 2957, "y": 3486}, {"name": "\u8428\u5a01\u514b\u5bb6\u65cf", "value": 1, "category": 1, "symbolSize": 14, "x": 6041, "y": 3952}, {"name": "\u7ef4\u65af\u7279\u6d1b", "value": 1, "category": 3, "symbolSize": 5, "x": 3198, "y": 3930}, {"name": "\u5e03\u62c9\u4f5b\u65af", "value": 1, "category": 3, "symbolSize": 5, "x": 2541, "y": 4127}, {"name": "\u827e\u5229\u65af\u7279\u00b7\u8428\u5a01\u514b", "value": 1, "category": 3, "symbolSize": 5, "x": 3173, "y": 3436}, {"name": "\u827e\u5229\u65af\u7279", "value": 1, "category": 3, "symbolSize": 5, "x": 2952, "y": 4495}, {"name": "\u8428\u5a01\u514b", "value": 1, "category": 3, "symbolSize": 5, "x": 3123, "y": 3957}, {"name": "\u6cb3\u6cc9\u57ce\u4f2f\u7235", "value": 1, "category": 3, "symbolSize": 5, "x": 6307, "y": 4396}, {"name": "\u8428\u5a01\u514b\u5bb6\u65cf", "value": 1, "category": 3, "symbolSize": 5, "x": 5899, "y": 4450}, {"name": "\u7329\u7ea2\u5e95\u8272\u4e0a\u4e00\u628a\u767d\u8272\u7684\u74e6\u96f7\u5229\u4e9a\u65ad\u5251", "value": 1, "category": 3, "symbolSize": 5, "x": 6407, "y": 4396}, {"name": "\u6cb3\u6cc9\u57ce", "value": 1, "category": 3, "symbolSize": 5, "x": 6368, "y": 3606}, {"name": "\u897f\u5883", "value": 1, "category": 3, "symbolSize": 5, "x": 5803, "y": 4369}, {"name": "\u5170\u5c3c\u65af\u7279\u5bb6\u65cf", "value": 1, "category": 1, "symbolSize": 14, "x": 6572, "y": 2995}, {"name": "\u4f0a\u803f\u5386\u7eaa\u4e8b", "value": 1, "category": 3, "symbolSize": 6, "x": 5890, "y": 4230}, {"name": "\uff08\u4fdd\u62a4\u5bb6\u65cf\uff0c\u4f20\u627f\u5e0c\u671b\uff09\uff08FamilyisHopeProtectitAlways\uff09", "value": 1, "category": 3, "symbolSize": 5, "x": 6085, "y": 4565}, {"name": "\u5170\u5c3c\u65af\u7279\u5bb6\u65cf", "value": 1, "category": 3, "symbolSize": 5, "x": 7214, "y": 2859}, {"name": "\u7eef\u7ea2\u8272\u571f\u5730\u4e0a\u91d1\u8272\u7684\u6012\u543c\u96c4\u72ee", "value": 1, "category": 3, "symbolSize": 5, "x": 6401, "y": 2718}, {"name": "\u51ef\u5ca9\u57ce", "value": 1, "category": 2, "symbolSize": 13, "x": 8866, "y": 2738}, {"name": "\u541b\u4e34\u7684\u62dc\u62c9\u5e2d\u6069\u5bb6\u65cf", "value": 1, "category": 1, "symbolSize": 19, "x": 1934, "y": 1776}, {"name": "\u5149\u5578", "value": 1, "category": 3, "symbolSize": 5, "x": 6233, "y": 3259}, {"name": "\u5170\u5c3c\u65af\u6e2f\u7684\u5170\u5c3c\u65af\u7279\u5bb6\u65cf\u6234\u745e\u57ce\u7684\u5170\u5c3c\u65af\u7279\u5bb6\u65cf", "value": 1, "category": 3, "symbolSize": 5, "x": 6174, "y": 2864}, {"name": "\u51ef\u5ca9\u738b\u51ef\u5ca9\u57ce\u516c\u7235\u5170\u5c3c\u65af\u6e2f\u4e4b\u76fe\u897f\u5883\u5b88\u62a4\u897f\u5883\u7edf\u9886", "value": 1, "category": 3, "symbolSize": 5, "x": 6310, "y": 3234}, {"name": "\uff08\u673a\u7075\u7684\uff09\u5170\u6069\u521b\u5efa\u4e8e\u82f1\u96c4\u7eaa\u5143", "value": 1, "category": 3, "symbolSize": 5, "x": 6446, "y": 3314}, {"name": "\u963f\u8d1d\u7279", "value": 1, "category": 0, "symbolSize": 7, "x": 7160, "y": 1233}, {"name": "\u5b88\u591c\u4eba", "value": 1, "category": 3, "symbolSize": 6, "x": 6999, "y": 1831}, {"name": "\u963f\u8d1d\u7279", "value": 1, "category": 3, "symbolSize": 6, "x": 6937, "y": 1485}, {"name": "\u963f\u5927\u514b\u00b7\u6c49\u535a\u5229", "value": 1, "category": 0, "symbolSize": 10, "x": 8976, "y": 1401}, {"name": "\u6c49\u535a\u5229\u5bb6\u65cf", "value": 1, "category": 1, "symbolSize": 7, "x": 3478, "y": 3921}, {"name": "\u94c1\u79cd", "value": 1, "category": 3, "symbolSize": 6, "x": 8721, "y": 1236}, {"name": "\u963f\u5927\u514b\u00b7\u6c49\u535a\u5229", "value": 1, "category": 3, "symbolSize": 5, "x": 9269, "y": 1284}, {"name": "\u963f\u5927\u514b", "value": 1, "category": 3, "symbolSize": 5, "x": 9023, "y": 1037}, {"name": "\u6c49\u535a\u5229", "value": 1, "category": 3, "symbolSize": 5, "x": 8590, "y": 919}, {"name": "300AC\uff0c\u6b7b\u4ea1\u4e8e\u5361\u6797\u6e7e", "value": 1, "category": 3, "symbolSize": 5, "x": 9497, "y": 1490}, {"name": "\u6c49\u535a\u5229\u5bb6\u65cf", "value": 1, "category": 3, "symbolSize": 5, "x": 3687, "y": 4495}, {"name": "\u94c1\u7fa4\u5c9b", "value": 1, "category": 3, "symbolSize": 7, "x": 3410, "y": 4403}, {"name": "\u963f\u5fb7\u91cc\u5b89\u00b7\u8d5b\u63d0\u52a0", "value": 1, "category": 0, "symbolSize": 11, "x": 3022, "y": 2385}, {"name": "\u87f9\u5c9b\u4f2f\u7235", "value": 1, "category": 3, "symbolSize": 6, "x": 3136, "y": 2776}, {"name": "\u8d5b\u63d0\u52a0\u5bb6\u65cf", "value": 1, "category": 1, "symbolSize": 12, "x": 4373, "y": 2189}, {"name": "\u963f\u5fb7\u91cc\u5b89\u00b7\u8d5b\u63d0\u52a0", "value": 1, "category": 3, "symbolSize": 5, "x": 2609, "y": 2843}, {"name": "\u963f\u5fb7\u91cc\u5b89", "value": 1, "category": 3, "symbolSize": 5, "x": 3613, "y": 2013}, {"name": "\u8d5b\u63d0\u52a0", "value": 1, "category": 3, "symbolSize": 5, "x": 3093, "y": 2041}, {"name": "\u7ea2\u87f9", "value": 1, "category": 3, "symbolSize": 5, "x": 2530, "y": 2603}, {"name": "\u8d5b\u63d0\u52a0\u5bb6\u65cf", "value": 1, "category": 3, "symbolSize": 5, "x": 4736, "y": 1980}, {"name": "\u767d\u8272\u5e95\u8272\u4e0a\u6563\u5e03\u7684\u7ea2\u8272\u8783\u87f9", "value": 1, "category": 3, "symbolSize": 5, "x": 3942, "y": 1867}, {"name": "\u87f9\u5c9b", "value": 1, "category": 3, "symbolSize": 5, "x": 4393, "y": 1771}, {"name": "\u9f99\u77f3\u5c9b", "value": 1, "category": 2, "symbolSize": 11, "x": 2527, "y": 3291}, {"name": "\u9f99\u77f3\u5c9b", "value": 1, "category": 3, "symbolSize": 5, "x": 2952, "y": 3241}, {"name": "\u4e94\u767e\u5e74\u524d\uff0c\u7531\u5766\u683c\u5229\u5b89\u5bb6\u65cf", "value": 1, "category": 3, "symbolSize": 5, "x": 2957, "y": 3045}, {"name": "\u4e03\u795e\u4fe1\u4ef0\uff08\u66fe\u7ecf\uff09\u62c9\u8d6b\u6d1b", "value": 1, "category": 3, "symbolSize": 5, "x": 2761, "y": 2827}, {"name": "\u5c9b\u5c7f\u548c\u57ce\u5821", "value": 1, "category": 3, "symbolSize": 5, "x": 2224, "y": 3406}, {"name": "\u7ef4\u65af\u7279\u6d1b\u738b\u9886\u9ed1\u6c34\u6e7e", "value": 1, "category": 3, "symbolSize": 5, "x": 2922, "y": 2852}, {"name": "\u9f99\u77f3\u5c9b\u7684\u62dc\u62c9\u5e2d\u6069\u5bb6\u65cf\uff0c\u5c01\u5efa\u5236\u5ea6", "value": 1, "category": 3, "symbolSize": 5, "x": 3036, "y": 3320}, {"name": "\u7ef4\u65af\u7279\u6d1b\u7684\u56fd\u738b", "value": 1, "category": 3, "symbolSize": 5, "x": 2502, "y": 1604}, {"name": "\u541b\u4e34\u7684\u62dc\u62c9\u5e2d\u6069\u5bb6\u65cf", "value": 1, "category": 3, "symbolSize": 5, "x": 2130, "y": 2137}, {"name": "\u62dc\u62c9\u5e2d\u6069\u5bb6\u65cf\u7684\u91d1\u5e95\u9ed1\u8272", "value": 1, "category": 3, "symbolSize": 5, "x": 1800, "y": 2194}, {"name": "\u5b9d\u51a0\u96c4\u9e7f\uff0c\u4e0e\u5170\u5c3c\u65af\u7279\u5bb6\u65cf\u7684", "value": 1, "category": 3, "symbolSize": 5, "x": 1647, "y": 1683}, {"name": "\u6df1\u7ea2\u5e95\u8272\u91d1\u72ee\u5b50", "value": 1, "category": 3, "symbolSize": 5, "x": 1492, "y": 1456}, {"name": "\u541b\u4e34", "value": 1, "category": 3, "symbolSize": 5, "x": 2201, "y": 2417}, {"name": "\u6258\u66fc\u00b7\u62dc\u62c9\u5e2d\u6069", "value": 1, "category": 0, "symbolSize": 5, "x": 3393, "y": 3670}, {"name": "\u738b\u9886", "value": 1, "category": 3, "symbolSize": 5, "x": 1523, "y": 1414}, {"name": "\u65e0", "value": 1, "category": 3, "symbolSize": 6, "x": 2022, "y": 1376}, {"name": "\u5f25\u8d5b\u83c8\u00b7\u62dc\u62c9\u5e2d\u6069", "value": 1, "category": 0, "symbolSize": 5, "x": 3850, "y": 799}, {"name": "\u52b3\u52c3\u00b7\u62dc\u62c9\u5e2d\u6069", "value": 1, "category": 0, "symbolSize": 5, "x": 8257, "y": 4029}, {"name": "\u963f\u5fb7\u5229\u514b", "value": 1, "category": 0, "symbolSize": 10, "x": 6195, "y": 2970}, {"name": "\u5357\u76fe\u5c9b\u5934\u9886", "value": 1, "category": 3, "symbolSize": 5, "x": 6500, "y": 3449}, {"name": "\u5353\u9f13\u5bb6\u65cf", "value": 1, "category": 1, "symbolSize": 11, "x": 7375, "y": 4091}, {"name": "\u963f\u5fb7\u5229\u514b", "value": 1, "category": 3, "symbolSize": 6, "x": 6400, "y": 3370}, {"name": "\uff08\u4e0d\u82df\u8a00\u7b11\u7684\uff09\u963f\u5fb7\u5229\u514b", "value": 1, "category": 3, "symbolSize": 5, "x": 5963, "y": 3545}, {"name": "\u5353\u9f13\u5bb6\u65cf", "value": 1, "category": 3, "symbolSize": 5, "x": 7789, "y": 3893}, {"name": "\u7ea2\u5e95\u767d\u8272\u9aa8\u5934\u624b", "value": 1, "category": 3, "symbolSize": 5, "x": 7708, "y": 4244}, {"name": "\u9093\u65af\u5766\u00b7\u5353\u9f13\u4f2f\u7235", "value": 1, "category": 3, "symbolSize": 5, "x": 6981, "y": 4309}, {"name": "\u845b\u96f7\u4e54\u4f0a\u5bb6\u65cf", "value": 1, "category": 1, "symbolSize": 18, "x": 2154, "y": 1266}, {"name": "\u7ea2\u96e8", "value": 1, "category": 3, "symbolSize": 5, "x": 7357, "y": 4515}, {"name": "\u94c1\u7fa4\u5c9b\u4e4b\u738b", "value": 1, "category": 3, "symbolSize": 5, "x": 1919, "y": 1584}, {"name": "\u6d77\u76d0\u738b\u4e0e\u78d0\u5ca9\u738b", "value": 1, "category": 3, "symbolSize": 5, "x": 1675, "y": 1394}, {"name": "\u6d77\u98ce\u4e4b\u5b50", "value": 1, "category": 3, "symbolSize": 5, "x": 2484, "y": 1337}, {"name": "\u94c1\u7fa4\u5c9b\u5927\u738b", "value": 1, "category": 3, "symbolSize": 5, "x": 2264, "y": 1641}, {"name": "\u6d3e\u514b\u5c9b\u63a0\u593a\u8005\u4e4b\u9996", "value": 1, "category": 3, "symbolSize": 5, "x": 2511, "y": 1830}, {"name": "\u845b\u96f7\u4e54\u4f0a\u5bb6\u65cf", "value": 1, "category": 3, "symbolSize": 5, "x": 2311, "y": 922}, {"name": "\u9ed1\u5e95\u4e0a\u4e00\u53ea\u9ec4\u91d1\u8272\u7684\u6d77\u602a", "value": 1, "category": 3, "symbolSize": 5, "x": 2786, "y": 982}, {"name": "\u6d3e\u514b\u57ce", "value": 1, "category": 2, "symbolSize": 5, "x": 1769, "y": 1174}, {"name": "\u6538\u4f26\u00b7\u845b\u96f7\u4e54\u4f0a", "value": 1, "category": 0, "symbolSize": 5, "x": 5817, "y": 3573}, {"name": "\u82f1\u96c4\u7eaa\u5143", "value": 1, "category": 3, "symbolSize": 5, "x": 2592, "y": 1007}, {"name": "\u5f3a\u53d6\u80dc\u4e8e\u82e6\u8015", "value": 1, "category": 3, "symbolSize": 5, "x": 1859, "y": 1569}, {"name": "\u963f\u591a", "value": 1, "category": 0, "symbolSize": 9, "x": 6119, "y": 4199}, {"name": "\u53f2\u5854\u514b\u5bb6\u65cf", "value": 1, "category": 1, "symbolSize": 12, "x": 5735, "y": 3337}, {"name": "\u963f\u591a", "value": 1, "category": 3, "symbolSize": 6, "x": 6160, "y": 3824}, {"name": "\u53f2\u5854\u514b\u5bb6\u65cf", "value": 1, "category": 3, "symbolSize": 5, "x": 6041, "y": 3553}, {"name": "\u767d\u8272\u96ea\u539f\u4e0a\u94f6\u7070\u8272\u7684\u4e00\u53ea\u51b0\u539f\u5954\u72fc", "value": 1, "category": 3, "symbolSize": 5, "x": 5542, "y": 3811}, {"name": "\u4e34\u51ac\u57ce\u5361\u6797\u6e7e", "value": 1, "category": 3, "symbolSize": 5, "x": 5880, "y": 3700}, {"name": "\u5bd2\u51b0", "value": 1, "category": 3, "symbolSize": 5, "x": 5971, "y": 3648}, {"name": "\u7070\u53f2\u5854\u514b\u5bb6\u65cf\u5361\u53f2\u5854\u514b\u5bb6\u65cf", "value": 1, "category": 3, "symbolSize": 5, "x": 6332, "y": 3020}, {"name": "\u5317\u5883\u4e4b\u738b\u5317\u5883\u4e4b\u738b\u4e09\u53c9\u621f\u6cb3\u4e4b\u738b\u5317\u5883\u5b88\u62a4\u4e34\u51ac\u57ce\u516c\u7235", "value": 1, "category": 3, "symbolSize": 5, "x": 5781, "y": 2841}, {"name": "\u5e03\u5170\u767b\u00b7\u53f2\u5854\u514b\uff08\u7b51\u57ce\u8005\uff09\u521b\u5efa\u4e8e\u7ea69000\u5e74\u524d", "value": 1, "category": 3, "symbolSize": 5, "x": 5864, "y": 3852}, {"name": "\u963f\u8d1d\u62c9\u00b7\u6d77\u5854\u5c14", "value": 1, "category": 0, "symbolSize": 9, "x": 4212, "y": 751}, {"name": "\u7235\u58eb", "value": 1, "category": 3, "symbolSize": 5, "x": 4866, "y": 910}, {"name": "\u6d77\u5854\u5c14\u5bb6\u65cf", "value": 1, "category": 1, "symbolSize": 23, "x": 5621, "y": 4032}, {"name": "\u963f\u8d1d\u62c9\u00b7\u6d77\u5854\u5c14", "value": 1, "category": 3, "symbolSize": 5, "x": 4237, "y": 396}, {"name": "\u963f\u8d1d\u62c9", "value": 1, "category": 3, "symbolSize": 5, "x": 4230, "y": 378}, {"name": "\u6d77\u5854\u5c14", "value": 1, "category": 3, "symbolSize": 7, "x": 3780, "y": 962}, {"name": "\u65e7\u9547\u4e4b\u97f3", "value": 1, "category": 3, "symbolSize": 6, "x": 5386, "y": 3782}, {"name": "\u6d77\u6e2f\u4e4b\u4e3b", "value": 1, "category": 3, "symbolSize": 6, "x": 5778, "y": 4657}, {"name": "\u53c2\u5929\u5854\u4f2f\u7235", "value": 1, "category": 3, "symbolSize": 6, "x": 5512, "y": 4461}, {"name": "\u5b66\u57ce\u7684\u5b88\u62a4\u8005", "value": 1, "category": 3, "symbolSize": 6, "x": 5365, "y": 4290}, {"name": "\u5357\u5883\u4e4b\u706f\u5854", "value": 1, "category": 3, "symbolSize": 6, "x": 5502, "y": 4599}, {"name": "\u6d77\u5854\u5c14\u5bb6\u65cf", "value": 1, "category": 3, "symbolSize": 5, "x": 5449, "y": 3682}, {"name": "\u70df\u7070\u5e95\u8272\u4e0a", "value": 1, "category": 3, "symbolSize": 5, "x": 5918, "y": 4235}, {"name": "\u9876\u7aef\u71c3\u70e7\u7740\u70fd\u706b\u7684\u9636\u68af\u72b6\u767d\u5854", "value": 1, "category": 3, "symbolSize": 5, "x": 5885, "y": 3638}, {"name": "\u53c2\u5929\u5854", "value": 1, "category": 2, "symbolSize": 6, "x": 3973, "y": 925}, {"name": "\u96f7\u987f\u00b7\u6d77\u5854\u5c14", "value": 1, "category": 0, "symbolSize": 16, "x": 8711, "y": 4119}, {"name": "\u6cb3\u6e7e\u5730", "value": 1, "category": 3, "symbolSize": 6, "x": 5510, "y": 4569}, {"name": "\u63d0\u5229\u5c14\u5bb6\u65cf", "value": 1, "category": 1, "symbolSize": 20, "x": 7752, "y": 1248}, {"name": "\u9ece\u660e\u7eaa\u5143", "value": 1, "category": 3, "symbolSize": 5, "x": 5212, "y": 3582}, {"name": "\u7167\u4eae\u524d\u7a0b", "value": 1, "category": 3, "symbolSize": 5, "x": 5323, "y": 3682}, {"name": "\u8b66\u89c9", "value": 1, "category": 3, "symbolSize": 5, "x": 5125, "y": 4057}, {"name": "\u8d1d\u52d2\u00b7\u6d77\u5854\u5c14", "value": 1, "category": 0, "symbolSize": 13, "x": 4819, "y": 1380}, {"name": "\u9a91\u58eb", "value": 1, "category": 3, "symbolSize": 5, "x": 4997, "y": 1897}, {"name": "\u8d1d\u52d2\u00b7\u6d77\u5854\u5c14", "value": 1, "category": 3, "symbolSize": 5, "x": 5087, "y": 1014}, {"name": "\u8d1d\u52d2", "value": 1, "category": 3, "symbolSize": 5, "x": 5141, "y": 1580}, {"name": "\u6b22\u7b11\u8d1d\u52d2", "value": 1, "category": 3, "symbolSize": 5, "x": 5328, "y": 1184}, {"name": "\u51fa\u751f\u4e8e\u65e7\u9547", "value": 1, "category": 3, "symbolSize": 5, "x": 4632, "y": 974}, {"name": "\u7f57\u5170\u8fbe\u00b7\u7f57\u5b9b", "value": 1, "category": 0, "symbolSize": 5, "x": 5978, "y": 3885}, {"name": "\u53c2\u5929\u5854", "value": 1, "category": 3, "symbolSize": 5, "x": 3805, "y": 1534}, {"name": "\u96f7\u987f\u00b7\u6d77\u5854\u5c14", "value": 1, "category": 3, "symbolSize": 5, "x": 9122, "y": 4012}, {"name": "\u96f7\u987f", "value": 1, "category": 3, "symbolSize": 5, "x": 8297, "y": 4211}, {"name": "\u65e7\u9547\u8001\u7fc1", "value": 1, "category": 3, "symbolSize": 5, "x": 9110, "y": 4357}, {"name": "\u96f7\u5a05\u00b7\u4f5b\u7f57\u4f26", "value": 1, "category": 0, "symbolSize": 5, "x": 8038, "y": 741}, {"name": "\u9ad8\u5ead\u516c\u7235", "value": 1, "category": 3, "symbolSize": 5, "x": 7516, "y": 850}, {"name": "\u6cb3\u6e7e\u81f3\u9ad8\u7edf\u9886", "value": 1, "category": 3, "symbolSize": 5, "x": 8061, "y": 1641}, {"name": "\u9ad8\u5ead\u5927\u603b\u7ba1", "value": 1, "category": 3, "symbolSize": 5, "x": 7369, "y": 1686}, {"name": "\u5357\u5883\u5b88\u62a4", "value": 1, "category": 3, "symbolSize": 5, "x": 8212, "y": 1231}, {"name": "\u8fb9\u7586\u5b88\u62a4\u8005", "value": 1, "category": 3, "symbolSize": 5, "x": 8132, "y": 785}, {"name": "\u63d0\u5229\u5c14\u5bb6\u65cf", "value": 1, "category": 3, "symbolSize": 5, "x": 7594, "y": 1511}, {"name": "\u4e00\u6735\u76db\u5f00\u4e8e\u9752\u7fe0\u7eff\u91ce\u4e4b\u4e0a\u7684\u91d1\u73ab\u7470", "value": 1, "category": 3, "symbolSize": 5, "x": 7677, "y": 1830}, {"name": "\u9ad8\u5ead", "value": 1, "category": 2, "symbolSize": 5, "x": 9252, "y": 3303}, {"name": "\u6885\u65af\u00b7\u63d0\u5229\u5c14", "value": 1, "category": 0, "symbolSize": 5, "x": 3211, "y": 2418}, {"name": "\u751f\u751f\u4e0d\u606f", "value": 1, "category": 3, "symbolSize": 5, "x": 8120, "y": 1497}, {"name": "\u4eae\u6c34\u57ce\u7684\u63d0\u5229\u5c14\u5bb6\u65cf", "value": 1, "category": 1, "symbolSize": 5, "x": 1214, "y": 3166}, {"name": "\u7ef4\u62c9\u65af\u00b7\u63d0\u5229\u5c14", "value": 1, "category": 0, "symbolSize": 5, "x": 5853, "y": 3564}, {"name": "\u827e\u5229\u65af\u7279\u00b7\u63d0\u5229\u5c14", "value": 1, "category": 0, "symbolSize": 5, "x": 4946, "y": 3772}, {"name": "\u963f\u5c14\u987f\u00b7\u5170\u5c3c\u65af\u7279", "value": 1, "category": 0, "symbolSize": 8, "x": 2169, "y": 2920}, {"name": "TV:\u963f\u5c14\u987f\u00b7\u5170\u5c3c\u65af\u7279", "value": 1, "category": 3, "symbolSize": 5, "x": 1715, "y": 3274}, {"name": "TV:\u963f\u5c14\u987f", "value": 1, "category": 3, "symbolSize": 5, "x": 2498, "y": 3236}, {"name": "\u5170\u5c3c\u65af\u7279", "value": 1, "category": 3, "symbolSize": 5, "x": 1857, "y": 3199}, {"name": "\u51ef\u5ca9\u57ce", "value": 1, "category": 3, "symbolSize": 5, "x": 8813, "y": 3270}, {"name": "\u82f1\u96c4\u7eaa\u5143\u4e4b\u524d", "value": 1, "category": 3, "symbolSize": 5, "x": 9424, "y": 3032}, {"name": "\u4e03\u795e\u4fe1\u4ef0", "value": 1, "category": 3, "symbolSize": 5, "x": 8799, "y": 2329}, {"name": "\u57ce\u5821\uff0c\u9996\u5e9c", "value": 1, "category": 3, "symbolSize": 5, "x": 9210, "y": 3147}, {"name": "\u7ef4\u65af\u7279\u6d1b\uff0c\u897f\u5883", "value": 1, "category": 3, "symbolSize": 5, "x": 8781, "y": 2417}, {"name": "\u51ef\u65af\u5fb7\u5229\u5bb6\u65cf\uff08\u82f1\u96c4\u7eaa\u5143\u65f6\u6d88\u4ea1\uff09", "value": 1, "category": 3, "symbolSize": 5, "x": 8762, "y": 3044}, {"name": "\u5170\u5c3c\u65af\u7279\u5bb6\u65cf\uff0c\u5c01\u5efa\u5236\u5ea6", "value": 1, "category": 3, "symbolSize": 5, "x": 9141, "y": 2331}, {"name": "\u51ef\u65af\u5fb7\u5229\u5bb6\u65cf", "value": 1, "category": 1, "symbolSize": 5, "x": 2001, "y": 2376}, {"name": "\u963f\u5c14\u592b", "value": 1, "category": 0, "symbolSize": 9, "x": 6050, "y": 1046}, {"name": "\u540e\u515a", "value": 1, "category": 3, "symbolSize": 5, "x": 6233, "y": 1547}, {"name": "\u963f\u5c14\u592b", "value": 1, "category": 3, "symbolSize": 6, "x": 6430, "y": 992}, {"name": "\u70c2\u6ce5\u5730\u7684\u963f\u5c14\u592b", "value": 1, "category": 3, "symbolSize": 5, "x": 5692, "y": 1626}, {"name": "\u963f\u5c14\u592b\u00b7\u5361\u53f2\u5854\u514b", "value": 1, "category": 0, "symbolSize": 5, "x": 9124, "y": 3422}, {"name": "\u5361\u970d\u57ce\u4ee3\u7406\u57ce\u4e3b", "value": 1, "category": 3, "symbolSize": 5, "x": 9190, "y": 3866}], "links": [{"source": 0, "target": 1, "label": {"show": true, "formatter": "\u5934\u8854"}}, {"source": 0, "target": 2, "label": {"show": true, "formatter": "\u52bf\u529b"}}, {"source": 0, "target": 3, "label": {"show": true, "formatter": "\u79cd\u65cf"}}, {"source": 0, "target": 4, "label": {"show": true, "formatter": "\u79cd\u65cf"}}, {"source": 0, "target": 5, "label": {"show": true, "formatter": "name"}}, {"source": 0, "target": 6, "label": {"show": true, "formatter": "\u540d"}}, {"source": 0, "target": 7, "label": {"show": true, "formatter": "\u59d3"}}, {"source": 2, "target": 8, "label": {"show": true, "formatter": "\u5934\u8854"}}, {"source": 2, "target": 9, "label": {"show": true, "formatter": "name"}}, {"source": 2, "target": 10, "label": {"show": true, "formatter": "\u5bb6\u5fbd"}}, {"source": 2, "target": 11, "label": {"show": true, "formatter": "\u5c01\u5730"}}, {"source": 2, "target": 0, "label": {"show": true, "formatter": "\u73b0\u4efb\u9886\u4e3b"}}, {"source": 2, "target": 12, "label": {"show": true, "formatter": "\u6240\u5c5e\u5730\u57df"}}, {"source": 2, "target": 13, "label": {"show": true, "formatter": "\u6548\u5fe0\u4e8e"}}, {"source": 2, "target": 14, "label": {"show": true, "formatter": "\u5efa\u7acb\u4e8e"}}, {"source": 2, "target": 15, "label": {"show": true, "formatter": "\u7bb4\u8a00"}}, {"source": 13, "target": 16, "label": {"show": true, "formatter": "name"}}, {"source": 13, "target": 17, "label": {"show": true, "formatter": "\u5bb6\u5fbd"}}, {"source": 13, "target": 18, "label": {"show": true, "formatter": "\u5c01\u5730"}}, {"source": 13, "target": 19, "label": {"show": true, "formatter": "\u6548\u5fe0\u4e8e"}}, {"source": 13, "target": 20, "label": {"show": true, "formatter": "\u7956\u4f20\u6b66\u5668"}}, {"source": 13, "target": 21, "label": {"show": true, "formatter": "\u5206\u652f\u5bb6\u65cf"}}, {"source": 13, "target": 22, "label": {"show": true, "formatter": "\u5c01\u53f7"}}, {"source": 13, "target": 23, "label": {"show": true, "formatter": "\u521b\u5efa"}}, {"source": 24, "target": 25, "label": {"show": true, "formatter": "\u52bf\u529b"}}, {"source": 24, "target": 26, "label": {"show": true, "formatter": "name"}}, {"source": 24, "target": 26, "label": {"show": true, "formatter": "\u540d"}}, {"source": 27, "target": 28, "label": {"show": true, "formatter": "\u52bf\u529b"}}, {"source": 27, "target": 29, "label": {"show": true, "formatter": "\u79cd\u65cf"}}, {"source": 27, "target": 30, "label": {"show": true, "formatter": "name"}}, {"source": 27, "target": 31, "label": {"show": true, "formatter": "\u540d"}}, {"source": 27, "target": 32, "label": {"show": true, "formatter": "\u59d3"}}, {"source": 27, "target": 33, "label": {"show": true, "formatter": "\u6b7b\u4ea1"}}, {"source": 28, "target": 34, "label": {"show": true, "formatter": "name"}}, {"source": 28, "target": 35, "label": {"show": true, "formatter": "\u6240\u5c5e\u5730\u57df"}}, {"source": 36, "target": 37, "label": {"show": true, "formatter": "\u5934\u8854"}}, {"source": 36, "target": 38, "label": {"show": true, "formatter": "\u52bf\u529b"}}, {"source": 36, "target": 39, "label": {"show": true, "formatter": "name"}}, {"source": 36, "target": 40, "label": {"show": true, "formatter": "\u540d"}}, {"source": 36, "target": 41, "label": {"show": true, "formatter": "\u59d3"}}, {"source": 36, "target": 42, "label": {"show": true, "formatter": "\u522b\u540d"}}, {"source": 38, "target": 37, "label": {"show": true, "formatter": "\u5934\u8854"}}, {"source": 38, "target": 43, "label": {"show": true, "formatter": "name"}}, {"source": 38, "target": 44, "label": {"show": true, "formatter": "\u5bb6\u5fbd"}}, {"source": 38, "target": 45, "label": {"show": true, "formatter": "\u5c01\u5730"}}, {"source": 38, "target": 36, "label": {"show": true, "formatter": "\u73b0\u4efb\u9886\u4e3b"}}, {"source": 38, "target": 46, "label": {"show": true, "formatter": "\u6240\u5c5e\u5730\u57df"}}, {"source": 38, "target": 19, "label": {"show": true, "formatter": "\u6548\u5fe0\u4e8e"}}, {"source": 46, "target": 47, "label": {"show": true, "formatter": "name"}}, {"source": 46, "target": 48, "label": {"show": true, "formatter": "\u5efa\u7acb\u4e8e"}}, {"source": 46, "target": 49, "label": {"show": true, "formatter": "\u5b97\u6559"}}, {"source": 46, "target": 50, "label": {"show": true, "formatter": "\u7c7b\u578b"}}, {"source": 46, "target": 51, "label": {"show": true, "formatter": "\u65b9\u4f4d"}}, {"source": 46, "target": 52, "label": {"show": true, "formatter": "\u6267\u653f\u8005"}}, {"source": 19, "target": 53, "label": {"show": true, "formatter": "\u5934\u8854"}}, {"source": 19, "target": 54, "label": {"show": true, "formatter": "name"}}, {"source": 19, "target": 55, "label": {"show": true, "formatter": "\u5bb6\u5fbd"}}, {"source": 19, "target": 56, "label": {"show": true, "formatter": "\u5bb6\u5fbd"}}, {"source": 19, "target": 57, "label": {"show": true, "formatter": "\u5bb6\u5fbd"}}, {"source": 19, "target": 58, "label": {"show": true, "formatter": "\u5c01\u5730"}}, {"source": 19, "target": 59, "label": {"show": true, "formatter": "\u73b0\u4efb\u9886\u4e3b"}}, {"source": 19, "target": 60, "label": {"show": true, "formatter": "\u6240\u5c5e\u5730\u57df"}}, {"source": 19, "target": 61, "label": {"show": true, "formatter": "\u6548\u5fe0\u4e8e"}}, {"source": 19, "target": 14, "label": {"show": true, "formatter": "\u5efa\u7acb\u4e8e"}}, {"source": 19, "target": 62, "label": {"show": true, "formatter": "\u7ee7\u627f\u4eba"}}, {"source": 19, "target": 63, "label": {"show": true, "formatter": "\u5efa\u7acb\u8005"}}, {"source": 64, "target": 65, "label": {"show": true, "formatter": "\u5934\u8854"}}, {"source": 64, "target": 66, "label": {"show": true, "formatter": "\u52bf\u529b"}}, {"source": 64, "target": 29, "label": {"show": true, "formatter": "\u79cd\u65cf"}}, {"source": 64, "target": 67, "label": {"show": true, "formatter": "name"}}, {"source": 64, "target": 67, "label": {"show": true, "formatter": "\u540d"}}, {"source": 64, "target": 68, "label": {"show": true, "formatter": "\u522b\u540d"}}, {"source": 66, "target": 69, "label": {"show": true, "formatter": "name"}}, {"source": 66, "target": 70, "label": {"show": true, "formatter": "\u5bb6\u5fbd"}}, {"source": 66, "target": 71, "label": {"show": true, "formatter": "\u73b0\u4efb\u9886\u4e3b"}}, {"source": 66, "target": 35, "label": {"show": true, "formatter": "\u6240\u5c5e\u5730\u57df"}}, {"source": 66, "target": 72, "label": {"show": true, "formatter": "\u6548\u5fe0\u4e8e"}}, {"source": 66, "target": 73, "label": {"show": true, "formatter": "\u7956\u4f20\u6b66\u5668"}}, {"source": 72, "target": 74, "label": {"show": true, "formatter": "\u5934\u8854"}}, {"source": 72, "target": 75, "label": {"show": true, "formatter": "\u5934\u8854"}}, {"source": 72, "target": 76, "label": {"show": true, "formatter": "\u5934\u8854"}}, {"source": 72, "target": 77, "label": {"show": true, "formatter": "\u5934\u8854"}}, {"source": 72, "target": 78, "label": {"show": true, "formatter": "\u5934\u8854"}}, {"source": 72, "target": 79, "label": {"show": true, "formatter": "name"}}, {"source": 72, "target": 80, "label": {"show": true, "formatter": "\u5bb6\u5fbd"}}, {"source": 72, "target": 81, "label": {"show": true, "formatter": "\u5c01\u5730"}}, {"source": 72, "target": 82, "label": {"show": true, "formatter": "\u73b0\u4efb\u9886\u4e3b"}}, {"source": 72, "target": 35, "label": {"show": true, "formatter": "\u6240\u5c5e\u5730\u57df"}}, {"source": 72, "target": 61, "label": {"show": true, "formatter": "\u6548\u5fe0\u4e8e"}}, {"source": 72, "target": 83, "label": {"show": true, "formatter": "\u5efa\u7acb\u4e8e"}}, {"source": 72, "target": 84, "label": {"show": true, "formatter": "\u7bb4\u8a00"}}, {"source": 85, "target": 86, "label": {"show": true, "formatter": "\u52bf\u529b"}}, {"source": 85, "target": 87, "label": {"show": true, "formatter": "name"}}, {"source": 85, "target": 87, "label": {"show": true, "formatter": "\u540d"}}, {"source": 85, "target": 85, "label": {"show": true, "formatter": "\u522b\u540d"}}, {"source": 86, "target": 88, "label": {"show": true, "formatter": "name"}}, {"source": 86, "target": 89, "label": {"show": true, "formatter": "\u5bb6\u5fbd"}}, {"source": 86, "target": 90, "label": {"show": true, "formatter": "\u5c01\u5730"}}, {"source": 86, "target": 91, "label": {"show": true, "formatter": "\u7956\u4f20\u6b66\u5668"}}, {"source": 86, "target": 92, "label": {"show": true, "formatter": "\u5206\u652f\u5bb6\u65cf"}}, {"source": 86, "target": 93, "label": {"show": true, "formatter": "\u5c01\u53f7"}}, {"source": 86, "target": 94, "label": {"show": true, "formatter": "\u521b\u5efa"}}, {"source": 95, "target": 96, "label": {"show": true, "formatter": "\u5934\u8854"}}, {"source": 95, "target": 97, "label": {"show": true, "formatter": "\u52bf\u529b"}}, {"source": 95, "target": 98, "label": {"show": true, "formatter": "name"}}, {"source": 95, "target": 99, "label": {"show": true, "formatter": "\u540d"}}, {"source": 95, "target": 100, "label": {"show": true, "formatter": "\u59d3"}}, {"source": 97, "target": 101, "label": {"show": true, "formatter": "\u5934\u8854"}}, {"source": 97, "target": 102, "label": {"show": true, "formatter": "\u5934\u8854"}}, {"source": 97, "target": 103, "label": {"show": true, "formatter": "\u5934\u8854"}}, {"source": 97, "target": 104, "label": {"show": true, "formatter": "\u5934\u8854"}}, {"source": 97, "target": 105, "label": {"show": true, "formatter": "\u5934\u8854"}}, {"source": 97, "target": 106, "label": {"show": true, "formatter": "name"}}, {"source": 97, "target": 107, "label": {"show": true, "formatter": "\u5bb6\u5fbd"}}, {"source": 97, "target": 108, "label": {"show": true, "formatter": "\u5bb6\u5fbd"}}, {"source": 97, "target": 109, "label": {"show": true, "formatter": "\u5c01\u5730"}}, {"source": 97, "target": 110, "label": {"show": true, "formatter": "\u73b0\u4efb\u9886\u4e3b"}}, {"source": 97, "target": 111, "label": {"show": true, "formatter": "\u6240\u5c5e\u5730\u57df"}}, {"source": 97, "target": 112, "label": {"show": true, "formatter": "\u6548\u5fe0\u4e8e"}}, {"source": 97, "target": 113, "label": {"show": true, "formatter": "\u5efa\u7acb\u4e8e"}}, {"source": 97, "target": 114, "label": {"show": true, "formatter": "\u7bb4\u8a00"}}, {"source": 97, "target": 115, "label": {"show": true, "formatter": "\u7956\u4f20\u6b66\u5668"}}, {"source": 97, "target": 116, "label": {"show": true, "formatter": "\u7ee7\u627f\u4eba"}}, {"source": 116, "target": 117, "label": {"show": true, "formatter": "\u5934\u8854"}}, {"source": 116, "target": 97, "label": {"show": true, "formatter": "\u52bf\u529b"}}, {"source": 116, "target": 118, "label": {"show": true, "formatter": "name"}}, {"source": 116, "target": 119, "label": {"show": true, "formatter": "\u540d"}}, {"source": 116, "target": 100, "label": {"show": true, "formatter": "\u59d3"}}, {"source": 116, "target": 120, "label": {"show": true, "formatter": "\u522b\u540d"}}, {"source": 116, "target": 121, "label": {"show": true, "formatter": "\u51fa\u751f"}}, {"source": 116, "target": 122, "label": {"show": true, "formatter": "\u914d\u5076"}}, {"source": 109, "target": 123, "label": {"show": true, "formatter": "name"}}, {"source": 110, "target": 101, "label": {"show": true, "formatter": "\u5934\u8854"}}, {"source": 110, "target": 102, "label": {"show": true, "formatter": "\u5934\u8854"}}, {"source": 110, "target": 103, "label": {"show": true, "formatter": "\u5934\u8854"}}, {"source": 110, "target": 104, "label": {"show": true, "formatter": "\u5934\u8854"}}, {"source": 110, "target": 105, "label": {"show": true, "formatter": "\u5934\u8854"}}, {"source": 110, "target": 97, "label": {"show": true, "formatter": "\u52bf\u529b"}}, {"source": 110, "target": 124, "label": {"show": true, "formatter": "name"}}, {"source": 110, "target": 125, "label": {"show": true, "formatter": "\u540d"}}, {"source": 110, "target": 100, "label": {"show": true, "formatter": "\u59d3"}}, {"source": 110, "target": 126, "label": {"show": true, "formatter": "\u522b\u540d"}}, {"source": 110, "target": 127, "label": {"show": true, "formatter": "\u914d\u5076"}}, {"source": 112, "target": 128, "label": {"show": true, "formatter": "\u5934\u8854"}}, {"source": 112, "target": 129, "label": {"show": true, "formatter": "\u5934\u8854"}}, {"source": 112, "target": 130, "label": {"show": true, "formatter": "\u5934\u8854"}}, {"source": 112, "target": 131, "label": {"show": true, "formatter": "\u5934\u8854"}}, {"source": 112, "target": 132, "label": {"show": true, "formatter": "\u5934\u8854"}}, {"source": 112, "target": 133, "label": {"show": true, "formatter": "name"}}, {"source": 112, "target": 134, "label": {"show": true, "formatter": "\u5bb6\u5fbd"}}, {"source": 112, "target": 135, "label": {"show": true, "formatter": "\u5c01\u5730"}}, {"source": 112, "target": 136, "label": {"show": true, "formatter": "\u73b0\u4efb\u9886\u4e3b"}}, {"source": 112, "target": 111, "label": {"show": true, "formatter": "\u6240\u5c5e\u5730\u57df"}}, {"source": 112, "target": 19, "label": {"show": true, "formatter": "\u6548\u5fe0\u4e8e"}}, {"source": 112, "target": 137, "label": {"show": true, "formatter": "\u7bb4\u8a00"}}, {"source": 112, "target": 138, "label": {"show": true, "formatter": "\u5206\u652f\u5bb6\u65cf"}}, {"source": 112, "target": 139, "label": {"show": true, "formatter": "\u7ee7\u627f\u4eba"}}, {"source": 112, "target": 140, "label": {"show": true, "formatter": "\u5efa\u7acb\u8005"}}, {"source": 141, "target": 13, "label": {"show": true, "formatter": "\u52bf\u529b"}}, {"source": 141, "target": 142, "label": {"show": true, "formatter": "name"}}, {"source": 141, "target": 143, "label": {"show": true, "formatter": "\u540d"}}, {"source": 141, "target": 144, "label": {"show": true, "formatter": "\u59d3"}}, {"source": 18, "target": 145, "label": {"show": true, "formatter": "name"}}, {"source": 18, "target": 146, "label": {"show": true, "formatter": "\u5efa\u7acb\u4e8e"}}, {"source": 18, "target": 147, "label": {"show": true, "formatter": "\u5b97\u6559"}}, {"source": 18, "target": 148, "label": {"show": true, "formatter": "\u7c7b\u578b"}}, {"source": 18, "target": 149, "label": {"show": true, "formatter": "\u65b9\u4f4d"}}, {"source": 18, "target": 150, "label": {"show": true, "formatter": "\u6267\u653f\u8005"}}, {"source": 18, "target": 151, "label": {"show": true, "formatter": "\u6267\u653f\u8005"}}, {"source": 18, "target": 152, "label": {"show": true, "formatter": "\u540d\u79f0\u7531\u6765"}}, {"source": 153, "target": 25, "label": {"show": true, "formatter": "\u52bf\u529b"}}, {"source": 153, "target": 154, "label": {"show": true, "formatter": "\u52bf\u529b"}}, {"source": 153, "target": 155, "label": {"show": true, "formatter": "name"}}, {"source": 153, "target": 155, "label": {"show": true, "formatter": "\u540d"}}, {"source": 153, "target": 156, "label": {"show": true, "formatter": "\u522b\u540d"}}, {"source": 157, "target": 158, "label": {"show": true, "formatter": "\u5934\u8854"}}]}